"Role","Login ID","Name","Department","Level","Password"
"Administrator","FUL/STAFF/ADMIN","System Administrator","Registry","","password"
"Exam Officer","FUL/STAFF/OFFICER","Examinations Office","Academic Planning","","password"
"Invigilator","FUL/STAFF/0231","Aisha Yusuf","Computer Science","","password"
"Invigilator","FUL/STAFF/0417","Tunde Nubi","Environmental Sciences","","password"
"Invigilator","FUL/STAFF/0188","Kemi Adeyemi","Mathematics","","password"
"Invigilator","FUL/STAFF/0509","Fatima Bello","Life Sciences","","password"
"Invigilator","FUL/STAFF/0642","Chinedu Okafor","Physics","","password"
"Invigilator","FUL/STAFF/0716","Maryam Abdullahi","Chemistry","","password"
"Invigilator","FUL/STAFF/0825","Samuel Ajayi","Economics","","password"
"Invigilator","FUL/STAFF/0934","Grace Eze","Accounting","","password"
"Invigilator","FUL/STAFF/1048","Ibrahim Musa","Political Science","","password"
"Invigilator","FUL/STAFF/1157","Blessing Ojo","Business Administration","","password"
"Invigilator","FUL/STAFF/1269","Daniel Etim","Civil Engineering","","password"
"Invigilator","FUL/STAFF/1381","Hauwa Sani","Law","","password"
"Student","FUL/GST/22/0001","Adebayo Samuel Oluwafemi","General Studies","100L","password"
"Student","FUL/GST/22/0002","Maryam Ibrahim Ifeanyi","General Studies","100L","password"
"Student","FUL/GST/22/0003","Chinedu Nwankwo Aminu","General Studies","100L","password"
"Student","FUL/GST/22/0004","Fatima Usman Chiamaka","General Studies","100L","password"
"Student","FUL/GST/22/0005","Temitope Adewale Olamide","General Studies","100L","password"
"Student","FUL/GST/22/0006","Grace Okoro Nnenna","General Studies","100L","password"
"Student","FUL/GST/22/0007","Ibrahim Sadiq Kabiru","General Studies","100L","password"
"Student","FUL/GST/22/0008","Blessing James Uduak","General Studies","100L","password"
"Student","FUL/GST/22/0009","Daniel Musa Ayomide","General Studies","100L","password"
"Student","FUL/GST/22/0010","Aisha Bello Ngozi","General Studies","100L","password"
"Student","FUL/GST/22/0011","David Akpan Sadiq","General Studies","100L","password"
"Student","FUL/GST/22/0012","Zainab Aliyu Ezinne","General Studies","100L","password"
"Student","FUL/GST/22/0013","Victor Eze Temiloluwa","General Studies","100L","password"
"Student","FUL/GST/22/0014","Ruth Oladipo Abiodun","General Studies","100L","password"
"Student","FUL/GST/22/0015","Emeka Obi Chisom","General Studies","100L","password"
"Student","FUL/GST/22/0016","Hauwa Mohammed Opeyemi","General Studies","100L","password"
"Student","FUL/GST/22/0017","Kelvin Ojo Oluwafemi","General Studies","100L","password"
"Student","FUL/GST/22/0018","Esther Nnamdi Ifeanyi","General Studies","100L","password"
"Student","FUL/GST/22/0019","Yusuf Abdullahi Aminu","General Studies","100L","password"
"Student","FUL/GST/22/0020","Peace Martins Chiamaka","General Studies","100L","password"
"Student","FUL/GST/22/0021","Michael Uche Olamide","General Studies","100L","password"
"Student","FUL/GST/22/0022","Hadiza Sani Nnenna","General Studies","100L","password"
"Student","FUL/GST/22/0023","Tosin Balogun Kabiru","General Studies","100L","password"
"Student","FUL/GST/22/0024","Mercy Etim Uduak","General Studies","100L","password"
"Student","FUL/GST/22/0025","Abubakar Lawal Ayomide","General Studies","100L","password"
"Student","FUL/GST/22/0026","Favour Adeyemi Ngozi","General Studies","100L","password"
"Student","FUL/GST/22/0027","Peter Danjuma Sadiq","General Studies","100L","password"
"Student","FUL/GST/22/0028","Khadija Umar Ezinne","General Studies","100L","password"
"Student","FUL/GST/22/0029","John Okafor Temiloluwa","General Studies","100L","password"
"Student","FUL/GST/22/0030","Sarah Ibitoye Abiodun","General Studies","100L","password"
"Student","FUL/GST/22/0031","Collins Chukwu Chisom","General Studies","100L","password"
"Student","FUL/GST/22/0032","Aminat Salisu Opeyemi","General Studies","100L","password"
"Student","FUL/GST/22/0033","Emmanuel Bassey Oluwafemi","General Studies","100L","password"
"Student","FUL/GST/22/0034","Joy Afolabi Ifeanyi","General Studies","100L","password"
"Student","FUL/GST/22/0035","Suleiman Idris Aminu","General Studies","100L","password"
"Student","FUL/GST/22/0036","Deborah Ene Chiamaka","General Studies","100L","password"
"Student","FUL/GST/22/0037","Nathaniel Oke Olamide","General Studies","100L","password"
"Student","FUL/GST/22/0038","Halima Garba Nnenna","General Studies","100L","password"
"Student","FUL/GST/22/0039","Precious Onu Kabiru","General Studies","100L","password"
"Student","FUL/GST/22/0040","Gbenga Alabi Uduak","General Studies","100L","password"
"Student","FUL/GST/22/0041","Sandra Nwosu Ayomide","General Studies","100L","password"
"Student","FUL/GST/22/0042","Mustapha Yakubu Ngozi","General Studies","100L","password"
"Student","FUL/GST/22/0043","Rachel Odey Sadiq","General Studies","100L","password"
"Student","FUL/GST/22/0044","Joshua Audu Ezinne","General Studies","100L","password"
"Student","FUL/GST/22/0045","Mariam Bashir Temiloluwa","General Studies","100L","password"
"Student","FUL/GST/22/0046","Iniobong Udoh Abiodun","General Studies","100L","password"
"Student","FUL/GST/22/0047","Oluwaseun Akinola Chisom","General Studies","100L","password"
"Student","FUL/GST/22/0048","Nkechi Anya Opeyemi","General Studies","100L","password"
"Student","FUL/GST/22/0049","Bashir Ahmed Oluwafemi","General Studies","100L","password"
"Student","FUL/GST/22/0050","Victoria Abiola Ifeanyi","General Studies","100L","password"
"Student","FUL/GST/22/0051","Adebayo Samuel Aminu","General Studies","100L","password"
"Student","FUL/GST/22/0052","Maryam Ibrahim Chiamaka","General Studies","100L","password"
"Student","FUL/GST/22/0053","Chinedu Nwankwo Olamide","General Studies","100L","password"
"Student","FUL/GST/22/0054","Fatima Usman Nnenna","General Studies","100L","password"
"Student","FUL/GST/22/0055","Temitope Adewale Kabiru","General Studies","100L","password"
"Student","FUL/GST/22/0056","Grace Okoro Uduak","General Studies","100L","password"
"Student","FUL/GST/22/0057","Ibrahim Sadiq Ayomide","General Studies","100L","password"
"Student","FUL/GST/22/0058","Blessing James Ngozi","General Studies","100L","password"
"Student","FUL/GST/22/0059","Daniel Musa Sadiq","General Studies","100L","password"
"Student","FUL/GST/22/0060","Aisha Bello Ezinne","General Studies","100L","password"
"Student","FUL/MTH/22/0061","David Akpan Temiloluwa","Mathematics","100L","password"
"Student","FUL/MTH/22/0062","Zainab Aliyu Abiodun","Mathematics","100L","password"
"Student","FUL/MTH/22/0063","Victor Eze Chisom","Mathematics","100L","password"
"Student","FUL/MTH/22/0064","Ruth Oladipo Opeyemi","Mathematics","100L","password"
"Student","FUL/MTH/22/0065","Emeka Obi Oluwafemi","Mathematics","100L","password"
"Student","FUL/MTH/22/0066","Hauwa Mohammed Ifeanyi","Mathematics","100L","password"
"Student","FUL/MTH/22/0067","Kelvin Ojo Aminu","Mathematics","100L","password"
"Student","FUL/MTH/22/0068","Esther Nnamdi Chiamaka","Mathematics","100L","password"
"Student","FUL/MTH/22/0069","Yusuf Abdullahi Olamide","Mathematics","100L","password"
"Student","FUL/MTH/22/0070","Peace Martins Nnenna","Mathematics","100L","password"
"Student","FUL/MTH/22/0071","Michael Uche Kabiru","Mathematics","100L","password"
"Student","FUL/MTH/22/0072","Hadiza Sani Uduak","Mathematics","100L","password"
"Student","FUL/MTH/22/0073","Tosin Balogun Ayomide","Mathematics","100L","password"
"Student","FUL/MTH/22/0074","Mercy Etim Ngozi","Mathematics","100L","password"
"Student","FUL/MTH/22/0075","Abubakar Lawal Sadiq","Mathematics","100L","password"
"Student","FUL/MTH/22/0076","Favour Adeyemi Ezinne","Mathematics","100L","password"
"Student","FUL/MTH/22/0077","Peter Danjuma Temiloluwa","Mathematics","100L","password"
"Student","FUL/MTH/22/0078","Khadija Umar Abiodun","Mathematics","100L","password"
"Student","FUL/MTH/22/0079","John Okafor Chisom","Mathematics","100L","password"
"Student","FUL/MTH/22/0080","Sarah Ibitoye Opeyemi","Mathematics","100L","password"
"Student","FUL/MTH/22/0081","Collins Chukwu Oluwafemi","Mathematics","100L","password"
"Student","FUL/MTH/22/0082","Aminat Salisu Ifeanyi","Mathematics","100L","password"
"Student","FUL/MTH/22/0083","Emmanuel Bassey Aminu","Mathematics","100L","password"
"Student","FUL/MTH/22/0084","Joy Afolabi Chiamaka","Mathematics","100L","password"
"Student","FUL/MTH/22/0085","Suleiman Idris Olamide","Mathematics","100L","password"
"Student","FUL/MTH/22/0086","Deborah Ene Nnenna","Mathematics","100L","password"
"Student","FUL/MTH/22/0087","Nathaniel Oke Kabiru","Mathematics","100L","password"
"Student","FUL/MTH/22/0088","Halima Garba Uduak","Mathematics","100L","password"
"Student","FUL/MTH/22/0089","Precious Onu Ayomide","Mathematics","100L","password"
"Student","FUL/MTH/22/0090","Gbenga Alabi Ngozi","Mathematics","100L","password"
"Student","FUL/PHY/22/0091","Sandra Nwosu Sadiq","Physics","100L","password"
"Student","FUL/PHY/22/0092","Mustapha Yakubu Ezinne","Physics","100L","password"
"Student","FUL/PHY/22/0093","Rachel Odey Temiloluwa","Physics","100L","password"
"Student","FUL/PHY/22/0094","Joshua Audu Abiodun","Physics","100L","password"
"Student","FUL/PHY/22/0095","Mariam Bashir Chisom","Physics","100L","password"
"Student","FUL/PHY/22/0096","Iniobong Udoh Opeyemi","Physics","100L","password"
"Student","FUL/PHY/22/0097","Oluwaseun Akinola Oluwafemi","Physics","100L","password"
"Student","FUL/PHY/22/0098","Nkechi Anya Ifeanyi","Physics","100L","password"
"Student","FUL/PHY/22/0099","Bashir Ahmed Aminu","Physics","100L","password"
"Student","FUL/PHY/22/0100","Victoria Abiola Chiamaka","Physics","100L","password"
"Student","FUL/PHY/22/0101","Adebayo Samuel Olamide","Physics","100L","password"
"Student","FUL/PHY/22/0102","Maryam Ibrahim Nnenna","Physics","100L","password"
"Student","FUL/PHY/22/0103","Chinedu Nwankwo Kabiru","Physics","100L","password"
"Student","FUL/PHY/22/0104","Fatima Usman Uduak","Physics","100L","password"
"Student","FUL/PHY/22/0105","Temitope Adewale Ayomide","Physics","100L","password"
"Student","FUL/PHY/22/0106","Grace Okoro Ngozi","Physics","100L","password"
"Student","FUL/PHY/22/0107","Ibrahim Sadiq Sadiq","Physics","100L","password"
"Student","FUL/PHY/22/0108","Blessing James Ezinne","Physics","100L","password"
"Student","FUL/PHY/22/0109","Daniel Musa Temiloluwa","Physics","100L","password"
"Student","FUL/PHY/22/0110","Aisha Bello Abiodun","Physics","100L","password"
"Student","FUL/PHY/22/0111","David Akpan Chisom","Physics","100L","password"
"Student","FUL/PHY/22/0112","Zainab Aliyu Opeyemi","Physics","100L","password"
"Student","FUL/PHY/22/0113","Victor Eze Oluwafemi","Physics","100L","password"
"Student","FUL/PHY/22/0114","Ruth Oladipo Ifeanyi","Physics","100L","password"
"Student","FUL/PHY/22/0115","Emeka Obi Aminu","Physics","100L","password"
"Student","FUL/PHY/22/0116","Hauwa Mohammed Chiamaka","Physics","100L","password"
"Student","FUL/PHY/22/0117","Kelvin Ojo Olamide","Physics","100L","password"
"Student","FUL/PHY/22/0118","Esther Nnamdi Nnenna","Physics","100L","password"
"Student","FUL/PHY/22/0119","Yusuf Abdullahi Kabiru","Physics","100L","password"
"Student","FUL/PHY/22/0120","Peace Martins Uduak","Physics","100L","password"
"Student","FUL/CHM/22/0121","Michael Uche Ayomide","Chemistry","100L","password"
"Student","FUL/CHM/22/0122","Hadiza Sani Ngozi","Chemistry","100L","password"
"Student","FUL/CHM/22/0123","Tosin Balogun Sadiq","Chemistry","100L","password"
"Student","FUL/CHM/22/0124","Mercy Etim Ezinne","Chemistry","100L","password"
"Student","FUL/CHM/22/0125","Abubakar Lawal Temiloluwa","Chemistry","100L","password"
"Student","FUL/CHM/22/0126","Favour Adeyemi Abiodun","Chemistry","100L","password"
"Student","FUL/CHM/22/0127","Peter Danjuma Chisom","Chemistry","100L","password"
"Student","FUL/CHM/22/0128","Khadija Umar Opeyemi","Chemistry","100L","password"
"Student","FUL/CHM/22/0129","John Okafor Oluwafemi","Chemistry","100L","password"
"Student","FUL/CHM/22/0130","Sarah Ibitoye Ifeanyi","Chemistry","100L","password"
"Student","FUL/CHM/22/0131","Collins Chukwu Aminu","Chemistry","100L","password"
"Student","FUL/CHM/22/0132","Aminat Salisu Chiamaka","Chemistry","100L","password"
"Student","FUL/CHM/22/0133","Emmanuel Bassey Olamide","Chemistry","100L","password"
"Student","FUL/CHM/22/0134","Joy Afolabi Nnenna","Chemistry","100L","password"
"Student","FUL/CHM/22/0135","Suleiman Idris Kabiru","Chemistry","100L","password"
"Student","FUL/CHM/22/0136","Deborah Ene Uduak","Chemistry","100L","password"
"Student","FUL/CHM/22/0137","Nathaniel Oke Ayomide","Chemistry","100L","password"
"Student","FUL/CHM/22/0138","Halima Garba Ngozi","Chemistry","100L","password"
"Student","FUL/CHM/22/0139","Precious Onu Sadiq","Chemistry","100L","password"
"Student","FUL/CHM/22/0140","Gbenga Alabi Ezinne","Chemistry","100L","password"
"Student","FUL/CHM/22/0141","Sandra Nwosu Temiloluwa","Chemistry","100L","password"
"Student","FUL/CHM/22/0142","Mustapha Yakubu Abiodun","Chemistry","100L","password"
"Student","FUL/CHM/22/0143","Rachel Odey Chisom","Chemistry","100L","password"
"Student","FUL/CHM/22/0144","Joshua Audu Opeyemi","Chemistry","100L","password"
"Student","FUL/CHM/22/0145","Mariam Bashir Oluwafemi","Chemistry","100L","password"
"Student","FUL/CHM/22/0146","Iniobong Udoh Ifeanyi","Chemistry","100L","password"
"Student","FUL/CHM/22/0147","Oluwaseun Akinola Aminu","Chemistry","100L","password"
"Student","FUL/CHM/22/0148","Nkechi Anya Chiamaka","Chemistry","100L","password"
"Student","FUL/CHM/22/0149","Bashir Ahmed Olamide","Chemistry","100L","password"
"Student","FUL/CHM/22/0150","Victoria Abiola Nnenna","Chemistry","100L","password"
"Student","FUL/BIO/22/0151","Adebayo Samuel Kabiru","Life Sciences","100L","password"
"Student","FUL/BIO/22/0152","Maryam Ibrahim Uduak","Life Sciences","100L","password"
"Student","FUL/BIO/22/0153","Chinedu Nwankwo Ayomide","Life Sciences","100L","password"
"Student","FUL/BIO/22/0154","Fatima Usman Ngozi","Life Sciences","100L","password"
"Student","FUL/BIO/22/0155","Temitope Adewale Sadiq","Life Sciences","100L","password"
"Student","FUL/BIO/22/0156","Grace Okoro Ezinne","Life Sciences","100L","password"
"Student","FUL/BIO/22/0157","Ibrahim Sadiq Temiloluwa","Life Sciences","100L","password"
"Student","FUL/BIO/22/0158","Blessing James Abiodun","Life Sciences","100L","password"
"Student","FUL/BIO/22/0159","Daniel Musa Chisom","Life Sciences","100L","password"
"Student","FUL/BIO/22/0160","Aisha Bello Opeyemi","Life Sciences","100L","password"
"Student","FUL/BIO/22/0161","David Akpan Oluwafemi","Life Sciences","100L","password"
"Student","FUL/BIO/22/0162","Zainab Aliyu Ifeanyi","Life Sciences","100L","password"
"Student","FUL/BIO/22/0163","Victor Eze Aminu","Life Sciences","100L","password"
"Student","FUL/BIO/22/0164","Ruth Oladipo Chiamaka","Life Sciences","100L","password"
"Student","FUL/BIO/22/0165","Emeka Obi Olamide","Life Sciences","100L","password"
"Student","FUL/BIO/22/0166","Hauwa Mohammed Nnenna","Life Sciences","100L","password"
"Student","FUL/BIO/22/0167","Kelvin Ojo Kabiru","Life Sciences","100L","password"
"Student","FUL/BIO/22/0168","Esther Nnamdi Uduak","Life Sciences","100L","password"
"Student","FUL/BIO/22/0169","Yusuf Abdullahi Ayomide","Life Sciences","100L","password"
"Student","FUL/BIO/22/0170","Peace Martins Ngozi","Life Sciences","100L","password"
"Student","FUL/BIO/22/0171","Michael Uche Sadiq","Life Sciences","100L","password"
"Student","FUL/BIO/22/0172","Hadiza Sani Ezinne","Life Sciences","100L","password"
"Student","FUL/BIO/22/0173","Tosin Balogun Temiloluwa","Life Sciences","100L","password"
"Student","FUL/BIO/22/0174","Mercy Etim Abiodun","Life Sciences","100L","password"
"Student","FUL/BIO/22/0175","Abubakar Lawal Chisom","Life Sciences","100L","password"
"Student","FUL/BIO/22/0176","Favour Adeyemi Opeyemi","Life Sciences","100L","password"
"Student","FUL/BIO/22/0177","Peter Danjuma Oluwafemi","Life Sciences","100L","password"
"Student","FUL/BIO/22/0178","Khadija Umar Ifeanyi","Life Sciences","100L","password"
"Student","FUL/BIO/22/0179","John Okafor Aminu","Life Sciences","100L","password"
"Student","FUL/BIO/22/0180","Sarah Ibitoye Chiamaka","Life Sciences","100L","password"
"Student","FUL/CSC/22/0181","Collins Chukwu Olamide","Computer Science","200L","password"
"Student","FUL/CSC/22/0182","Aminat Salisu Nnenna","Computer Science","200L","password"
"Student","FUL/CSC/22/0183","Emmanuel Bassey Kabiru","Computer Science","200L","password"
"Student","FUL/CSC/22/0184","Joy Afolabi Uduak","Computer Science","200L","password"
"Student","FUL/CSC/22/0185","Suleiman Idris Ayomide","Computer Science","200L","password"
"Student","FUL/CSC/22/0186","Deborah Ene Ngozi","Computer Science","200L","password"
"Student","FUL/CSC/22/0187","Nathaniel Oke Sadiq","Computer Science","200L","password"
"Student","FUL/CSC/22/0188","Halima Garba Ezinne","Computer Science","200L","password"
"Student","FUL/CSC/22/0189","Precious Onu Temiloluwa","Computer Science","200L","password"
"Student","FUL/CSC/22/0190","Gbenga Alabi Abiodun","Computer Science","200L","password"
"Student","FUL/CSC/22/0191","Sandra Nwosu Chisom","Computer Science","200L","password"
"Student","FUL/CSC/22/0192","Mustapha Yakubu Opeyemi","Computer Science","200L","password"
"Student","FUL/CSC/22/0193","Rachel Odey Oluwafemi","Computer Science","200L","password"
"Student","FUL/CSC/22/0194","Joshua Audu Ifeanyi","Computer Science","200L","password"
"Student","FUL/CSC/22/0195","Mariam Bashir Aminu","Computer Science","200L","password"
"Student","FUL/CSC/22/0196","Iniobong Udoh Chiamaka","Computer Science","200L","password"
"Student","FUL/CSC/22/0197","Oluwaseun Akinola Olamide","Computer Science","200L","password"
"Student","FUL/CSC/22/0198","Nkechi Anya Nnenna","Computer Science","200L","password"
"Student","FUL/CSC/22/0199","Bashir Ahmed Kabiru","Computer Science","200L","password"
"Student","FUL/CSC/22/0200","Victoria Abiola Uduak","Computer Science","200L","password"
"Student","FUL/CSC/22/0201","Adebayo Samuel Ayomide","Computer Science","200L","password"
"Student","FUL/CSC/22/0202","Maryam Ibrahim Ngozi","Computer Science","200L","password"
"Student","FUL/CSC/22/0203","Chinedu Nwankwo Sadiq","Computer Science","200L","password"
"Student","FUL/CSC/22/0204","Fatima Usman Ezinne","Computer Science","200L","password"
"Student","FUL/CSC/22/0205","Temitope Adewale Temiloluwa","Computer Science","200L","password"
"Student","FUL/CSC/22/0206","Grace Okoro Abiodun","Computer Science","200L","password"
"Student","FUL/CSC/22/0207","Ibrahim Sadiq Chisom","Computer Science","200L","password"
"Student","FUL/CSC/22/0208","Blessing James Opeyemi","Computer Science","200L","password"
"Student","FUL/CSC/22/0209","Daniel Musa Oluwafemi","Computer Science","200L","password"
"Student","FUL/CSC/22/0210","Aisha Bello Ifeanyi","Computer Science","200L","password"
"Student","FUL/MTH/22/0211","David Akpan Aminu","Mathematics","200L","password"
"Student","FUL/MTH/22/0212","Zainab Aliyu Chiamaka","Mathematics","200L","password"
"Student","FUL/MTH/22/0213","Victor Eze Olamide","Mathematics","200L","password"
"Student","FUL/MTH/22/0214","Ruth Oladipo Nnenna","Mathematics","200L","password"
"Student","FUL/MTH/22/0215","Emeka Obi Kabiru","Mathematics","200L","password"
"Student","FUL/MTH/22/0216","Hauwa Mohammed Uduak","Mathematics","200L","password"
"Student","FUL/MTH/22/0217","Kelvin Ojo Ayomide","Mathematics","200L","password"
"Student","FUL/MTH/22/0218","Esther Nnamdi Ngozi","Mathematics","200L","password"
"Student","FUL/MTH/22/0219","Yusuf Abdullahi Sadiq","Mathematics","200L","password"
"Student","FUL/MTH/22/0220","Peace Martins Ezinne","Mathematics","200L","password"
"Student","FUL/MTH/22/0221","Michael Uche Temiloluwa","Mathematics","200L","password"
"Student","FUL/MTH/22/0222","Hadiza Sani Abiodun","Mathematics","200L","password"
"Student","FUL/MTH/22/0223","Tosin Balogun Chisom","Mathematics","200L","password"
"Student","FUL/MTH/22/0224","Mercy Etim Opeyemi","Mathematics","200L","password"
"Student","FUL/MTH/22/0225","Abubakar Lawal Oluwafemi","Mathematics","200L","password"
"Student","FUL/MTH/22/0226","Favour Adeyemi Ifeanyi","Mathematics","200L","password"
"Student","FUL/MTH/22/0227","Peter Danjuma Aminu","Mathematics","200L","password"
"Student","FUL/MTH/22/0228","Khadija Umar Chiamaka","Mathematics","200L","password"
"Student","FUL/MTH/22/0229","John Okafor Olamide","Mathematics","200L","password"
"Student","FUL/MTH/22/0230","Sarah Ibitoye Nnenna","Mathematics","200L","password"
"Student","FUL/MTH/22/0231","Collins Chukwu Kabiru","Mathematics","200L","password"
"Student","FUL/MTH/22/0232","Aminat Salisu Uduak","Mathematics","200L","password"
"Student","FUL/MTH/22/0233","Emmanuel Bassey Ayomide","Mathematics","200L","password"
"Student","FUL/MTH/22/0234","Joy Afolabi Ngozi","Mathematics","200L","password"
"Student","FUL/MTH/22/0235","Suleiman Idris Sadiq","Mathematics","200L","password"
"Student","FUL/MTH/22/0236","Deborah Ene Ezinne","Mathematics","200L","password"
"Student","FUL/MTH/22/0237","Nathaniel Oke Temiloluwa","Mathematics","200L","password"
"Student","FUL/MTH/22/0238","Halima Garba Abiodun","Mathematics","200L","password"
"Student","FUL/MTH/22/0239","Precious Onu Chisom","Mathematics","200L","password"
"Student","FUL/MTH/22/0240","Gbenga Alabi Opeyemi","Mathematics","200L","password"
"Student","FUL/CHM/22/0241","Sandra Nwosu Oluwafemi","Chemistry","200L","password"
"Student","FUL/CHM/22/0242","Mustapha Yakubu Ifeanyi","Chemistry","200L","password"
"Student","FUL/CHM/22/0243","Rachel Odey Aminu","Chemistry","200L","password"
"Student","FUL/CHM/22/0244","Joshua Audu Chiamaka","Chemistry","200L","password"
"Student","FUL/CHM/22/0245","Mariam Bashir Olamide","Chemistry","200L","password"
"Student","FUL/CHM/22/0246","Iniobong Udoh Nnenna","Chemistry","200L","password"
"Student","FUL/CHM/22/0247","Oluwaseun Akinola Kabiru","Chemistry","200L","password"
"Student","FUL/CHM/22/0248","Nkechi Anya Uduak","Chemistry","200L","password"
"Student","FUL/CHM/22/0249","Bashir Ahmed Ayomide","Chemistry","200L","password"
"Student","FUL/CHM/22/0250","Victoria Abiola Ngozi","Chemistry","200L","password"
"Student","FUL/CHM/22/0251","Adebayo Samuel Sadiq","Chemistry","200L","password"
"Student","FUL/CHM/22/0252","Maryam Ibrahim Ezinne","Chemistry","200L","password"
"Student","FUL/CHM/22/0253","Chinedu Nwankwo Temiloluwa","Chemistry","200L","password"
"Student","FUL/CHM/22/0254","Fatima Usman Abiodun","Chemistry","200L","password"
"Student","FUL/CHM/22/0255","Temitope Adewale Chisom","Chemistry","200L","password"
"Student","FUL/CHM/22/0256","Grace Okoro Opeyemi","Chemistry","200L","password"
"Student","FUL/CHM/22/0257","Ibrahim Sadiq Oluwafemi","Chemistry","200L","password"
"Student","FUL/CHM/22/0258","Blessing James Ifeanyi","Chemistry","200L","password"
"Student","FUL/CHM/22/0259","Daniel Musa Aminu","Chemistry","200L","password"
"Student","FUL/CHM/22/0260","Aisha Bello Chiamaka","Chemistry","200L","password"
"Student","FUL/CHM/22/0261","David Akpan Olamide","Chemistry","200L","password"
"Student","FUL/CHM/22/0262","Zainab Aliyu Nnenna","Chemistry","200L","password"
"Student","FUL/CHM/22/0263","Victor Eze Kabiru","Chemistry","200L","password"
"Student","FUL/CHM/22/0264","Ruth Oladipo Uduak","Chemistry","200L","password"
"Student","FUL/CHM/22/0265","Emeka Obi Ayomide","Chemistry","200L","password"
"Student","FUL/CHM/22/0266","Hauwa Mohammed Ngozi","Chemistry","200L","password"
"Student","FUL/CHM/22/0267","Kelvin Ojo Sadiq","Chemistry","200L","password"
"Student","FUL/CHM/22/0268","Esther Nnamdi Ezinne","Chemistry","200L","password"
"Student","FUL/CHM/22/0269","Yusuf Abdullahi Temiloluwa","Chemistry","200L","password"
"Student","FUL/CHM/22/0270","Peace Martins Abiodun","Chemistry","200L","password"
"Student","FUL/PHY/22/0271","Michael Uche Chisom","Physics","200L","password"
"Student","FUL/PHY/22/0272","Hadiza Sani Opeyemi","Physics","200L","password"
"Student","FUL/PHY/22/0273","Tosin Balogun Oluwafemi","Physics","200L","password"
"Student","FUL/PHY/22/0274","Mercy Etim Ifeanyi","Physics","200L","password"
"Student","FUL/PHY/22/0275","Abubakar Lawal Aminu","Physics","200L","password"
"Student","FUL/PHY/22/0276","Favour Adeyemi Chiamaka","Physics","200L","password"
"Student","FUL/PHY/22/0277","Peter Danjuma Olamide","Physics","200L","password"
"Student","FUL/PHY/22/0278","Khadija Umar Nnenna","Physics","200L","password"
"Student","FUL/PHY/22/0279","John Okafor Kabiru","Physics","200L","password"
"Student","FUL/PHY/22/0280","Sarah Ibitoye Uduak","Physics","200L","password"
"Student","FUL/PHY/22/0281","Collins Chukwu Ayomide","Physics","200L","password"
"Student","FUL/PHY/22/0282","Aminat Salisu Ngozi","Physics","200L","password"
"Student","FUL/PHY/22/0283","Emmanuel Bassey Sadiq","Physics","200L","password"
"Student","FUL/PHY/22/0284","Joy Afolabi Ezinne","Physics","200L","password"
"Student","FUL/PHY/22/0285","Suleiman Idris Temiloluwa","Physics","200L","password"
"Student","FUL/PHY/22/0286","Deborah Ene Abiodun","Physics","200L","password"
"Student","FUL/PHY/22/0287","Nathaniel Oke Chisom","Physics","200L","password"
"Student","FUL/PHY/22/0288","Halima Garba Opeyemi","Physics","200L","password"
"Student","FUL/PHY/22/0289","Precious Onu Oluwafemi","Physics","200L","password"
"Student","FUL/PHY/22/0290","Gbenga Alabi Ifeanyi","Physics","200L","password"
"Student","FUL/PHY/22/0291","Sandra Nwosu Aminu","Physics","200L","password"
"Student","FUL/PHY/22/0292","Mustapha Yakubu Chiamaka","Physics","200L","password"
"Student","FUL/PHY/22/0293","Rachel Odey Olamide","Physics","200L","password"
"Student","FUL/PHY/22/0294","Joshua Audu Nnenna","Physics","200L","password"
"Student","FUL/PHY/22/0295","Mariam Bashir Kabiru","Physics","200L","password"
"Student","FUL/PHY/22/0296","Iniobong Udoh Uduak","Physics","200L","password"
"Student","FUL/PHY/22/0297","Oluwaseun Akinola Ayomide","Physics","200L","password"
"Student","FUL/PHY/22/0298","Nkechi Anya Ngozi","Physics","200L","password"
"Student","FUL/PHY/22/0299","Bashir Ahmed Sadiq","Physics","200L","password"
"Student","FUL/PHY/22/0300","Victoria Abiola Ezinne","Physics","200L","password"
"Student","FUL/BIO/22/0301","Adebayo Samuel Temiloluwa","Life Sciences","200L","password"
"Student","FUL/BIO/22/0302","Maryam Ibrahim Abiodun","Life Sciences","200L","password"
"Student","FUL/BIO/22/0303","Chinedu Nwankwo Chisom","Life Sciences","200L","password"
"Student","FUL/BIO/22/0304","Fatima Usman Opeyemi","Life Sciences","200L","password"
"Student","FUL/BIO/22/0305","Temitope Adewale Oluwafemi","Life Sciences","200L","password"
"Student","FUL/BIO/22/0306","Grace Okoro Ifeanyi","Life Sciences","200L","password"
"Student","FUL/BIO/22/0307","Ibrahim Sadiq Aminu","Life Sciences","200L","password"
"Student","FUL/BIO/22/0308","Blessing James Chiamaka","Life Sciences","200L","password"
"Student","FUL/BIO/22/0309","Daniel Musa Olamide","Life Sciences","200L","password"
"Student","FUL/BIO/22/0310","Aisha Bello Nnenna","Life Sciences","200L","password"
"Student","FUL/BIO/22/0311","David Akpan Kabiru","Life Sciences","200L","password"
"Student","FUL/BIO/22/0312","Zainab Aliyu Uduak","Life Sciences","200L","password"
"Student","FUL/BIO/22/0313","Victor Eze Ayomide","Life Sciences","200L","password"
"Student","FUL/BIO/22/0314","Ruth Oladipo Ngozi","Life Sciences","200L","password"
"Student","FUL/BIO/22/0315","Emeka Obi Sadiq","Life Sciences","200L","password"
"Student","FUL/BIO/22/0316","Hauwa Mohammed Ezinne","Life Sciences","200L","password"
"Student","FUL/BIO/22/0317","Kelvin Ojo Temiloluwa","Life Sciences","200L","password"
"Student","FUL/BIO/22/0318","Esther Nnamdi Abiodun","Life Sciences","200L","password"
"Student","FUL/BIO/22/0319","Yusuf Abdullahi Chisom","Life Sciences","200L","password"
"Student","FUL/BIO/22/0320","Peace Martins Opeyemi","Life Sciences","200L","password"
"Student","FUL/BIO/22/0321","Michael Uche Oluwafemi","Life Sciences","200L","password"
"Student","FUL/BIO/22/0322","Hadiza Sani Ifeanyi","Life Sciences","200L","password"
"Student","FUL/BIO/22/0323","Tosin Balogun Aminu","Life Sciences","200L","password"
"Student","FUL/BIO/22/0324","Mercy Etim Chiamaka","Life Sciences","200L","password"
"Student","FUL/BIO/22/0325","Abubakar Lawal Olamide","Life Sciences","200L","password"
"Student","FUL/BIO/22/0326","Favour Adeyemi Nnenna","Life Sciences","200L","password"
"Student","FUL/BIO/22/0327","Peter Danjuma Kabiru","Life Sciences","200L","password"
"Student","FUL/BIO/22/0328","Khadija Umar Uduak","Life Sciences","200L","password"
"Student","FUL/BIO/22/0329","John Okafor Ayomide","Life Sciences","200L","password"
"Student","FUL/BIO/22/0330","Sarah Ibitoye Ngozi","Life Sciences","200L","password"
"Student","FUL/ECO/22/0331","Collins Chukwu Sadiq","Economics","200L","password"
"Student","FUL/ECO/22/0332","Aminat Salisu Ezinne","Economics","200L","password"
"Student","FUL/ECO/22/0333","Emmanuel Bassey Temiloluwa","Economics","200L","password"
"Student","FUL/ECO/22/0334","Joy Afolabi Abiodun","Economics","200L","password"
"Student","FUL/ECO/22/0335","Suleiman Idris Chisom","Economics","200L","password"
"Student","FUL/ECO/22/0336","Deborah Ene Opeyemi","Economics","200L","password"
"Student","FUL/ECO/22/0337","Nathaniel Oke Oluwafemi","Economics","200L","password"
"Student","FUL/ECO/22/0338","Halima Garba Ifeanyi","Economics","200L","password"
"Student","FUL/ECO/22/0339","Precious Onu Aminu","Economics","200L","password"
"Student","FUL/ECO/22/0340","Gbenga Alabi Chiamaka","Economics","200L","password"
"Student","FUL/ECO/22/0341","Sandra Nwosu Olamide","Economics","200L","password"
"Student","FUL/ECO/22/0342","Mustapha Yakubu Nnenna","Economics","200L","password"
"Student","FUL/ECO/22/0343","Rachel Odey Kabiru","Economics","200L","password"
"Student","FUL/ECO/22/0344","Joshua Audu Uduak","Economics","200L","password"
"Student","FUL/ECO/22/0345","Mariam Bashir Ayomide","Economics","200L","password"
"Student","FUL/ECO/22/0346","Iniobong Udoh Ngozi","Economics","200L","password"
"Student","FUL/ECO/22/0347","Oluwaseun Akinola Sadiq","Economics","200L","password"
"Student","FUL/ECO/22/0348","Nkechi Anya Ezinne","Economics","200L","password"
"Student","FUL/ECO/22/0349","Bashir Ahmed Temiloluwa","Economics","200L","password"
"Student","FUL/ECO/22/0350","Victoria Abiola Abiodun","Economics","200L","password"
"Student","FUL/ECO/22/0351","Adebayo Samuel Chisom","Economics","200L","password"
"Student","FUL/ECO/22/0352","Maryam Ibrahim Opeyemi","Economics","200L","password"
"Student","FUL/ECO/22/0353","Chinedu Nwankwo Oluwafemi","Economics","200L","password"
"Student","FUL/ECO/22/0354","Fatima Usman Ifeanyi","Economics","200L","password"
"Student","FUL/ECO/22/0355","Temitope Adewale Aminu","Economics","200L","password"
"Student","FUL/ECO/22/0356","Grace Okoro Chiamaka","Economics","200L","password"
"Student","FUL/ECO/22/0357","Ibrahim Sadiq Olamide","Economics","200L","password"
"Student","FUL/ECO/22/0358","Blessing James Nnenna","Economics","200L","password"
"Student","FUL/ECO/22/0359","Daniel Musa Kabiru","Economics","200L","password"
"Student","FUL/ECO/22/0360","Aisha Bello Uduak","Economics","200L","password"
"Student","FUL/CSC/22/0361","David Akpan Ayomide","Computer Science","300L","password"
"Student","FUL/CSC/22/0362","Zainab Aliyu Ngozi","Computer Science","300L","password"
"Student","FUL/CSC/22/0363","Victor Eze Sadiq","Computer Science","300L","password"
"Student","FUL/CSC/22/0364","Ruth Oladipo Ezinne","Computer Science","300L","password"
"Student","FUL/CSC/22/0365","Emeka Obi Temiloluwa","Computer Science","300L","password"
"Student","FUL/CSC/22/0366","Hauwa Mohammed Abiodun","Computer Science","300L","password"
"Student","FUL/CSC/22/0367","Kelvin Ojo Chisom","Computer Science","300L","password"
"Student","FUL/CSC/22/0368","Esther Nnamdi Opeyemi","Computer Science","300L","password"
"Student","FUL/CSC/22/0369","Yusuf Abdullahi Oluwafemi","Computer Science","300L","password"
"Student","FUL/CSC/22/0370","Peace Martins Ifeanyi","Computer Science","300L","password"
"Student","FUL/CSC/22/0371","Michael Uche Aminu","Computer Science","300L","password"
"Student","FUL/CSC/22/0372","Hadiza Sani Chiamaka","Computer Science","300L","password"
"Student","FUL/CSC/22/0373","Tosin Balogun Olamide","Computer Science","300L","password"
"Student","FUL/CSC/22/0374","Mercy Etim Nnenna","Computer Science","300L","password"
"Student","FUL/CSC/22/0375","Abubakar Lawal Kabiru","Computer Science","300L","password"
"Student","FUL/CSC/22/0376","Favour Adeyemi Uduak","Computer Science","300L","password"
"Student","FUL/CSC/22/0377","Peter Danjuma Ayomide","Computer Science","300L","password"
"Student","FUL/CSC/22/0378","Khadija Umar Ngozi","Computer Science","300L","password"
"Student","FUL/CSC/22/0379","John Okafor Sadiq","Computer Science","300L","password"
"Student","FUL/CSC/22/0380","Sarah Ibitoye Ezinne","Computer Science","300L","password"
"Student","FUL/CSC/22/0381","Collins Chukwu Temiloluwa","Computer Science","300L","password"
"Student","FUL/CSC/22/0382","Aminat Salisu Abiodun","Computer Science","300L","password"
"Student","FUL/CSC/22/0383","Emmanuel Bassey Chisom","Computer Science","300L","password"
"Student","FUL/CSC/22/0384","Joy Afolabi Opeyemi","Computer Science","300L","password"
"Student","FUL/CSC/22/0385","Suleiman Idris Oluwafemi","Computer Science","300L","password"
"Student","FUL/CSC/22/0386","Deborah Ene Ifeanyi","Computer Science","300L","password"
"Student","FUL/CSC/22/0387","Nathaniel Oke Aminu","Computer Science","300L","password"
"Student","FUL/CSC/22/0388","Halima Garba Chiamaka","Computer Science","300L","password"
"Student","FUL/CSC/22/0389","Precious Onu Olamide","Computer Science","300L","password"
"Student","FUL/CSC/22/0390","Gbenga Alabi Nnenna","Computer Science","300L","password"
"Student","FUL/CSC/22/0391","Sandra Nwosu Kabiru","Computer Science","300L","password"
"Student","FUL/CSC/22/0392","Mustapha Yakubu Uduak","Computer Science","300L","password"
"Student","FUL/CSC/22/0393","Rachel Odey Ayomide","Computer Science","300L","password"
"Student","FUL/CSC/22/0394","Joshua Audu Ngozi","Computer Science","300L","password"
"Student","FUL/CSC/22/0395","Mariam Bashir Sadiq","Computer Science","300L","password"
"Student","FUL/CSC/22/0396","Iniobong Udoh Ezinne","Computer Science","300L","password"
"Student","FUL/CSC/22/0397","Oluwaseun Akinola Temiloluwa","Computer Science","300L","password"
"Student","FUL/CSC/22/0398","Nkechi Anya Abiodun","Computer Science","300L","password"
"Student","FUL/CSC/22/0399","Bashir Ahmed Chisom","Computer Science","300L","password"
"Student","FUL/CSC/22/0400","Victoria Abiola Opeyemi","Computer Science","300L","password"
"Student","FUL/CSC/22/0401","Adebayo Samuel Oluwafemi","Computer Science","300L","password"
"Student","FUL/CSC/22/0402","Maryam Ibrahim Ifeanyi","Computer Science","300L","password"
"Student","FUL/CSC/22/0403","Chinedu Nwankwo Aminu","Computer Science","300L","password"
"Student","FUL/CSC/22/0404","Fatima Usman Chiamaka","Computer Science","300L","password"
"Student","FUL/CSC/22/0405","Temitope Adewale Olamide","Computer Science","300L","password"
"Student","FUL/CSC/22/0406","Grace Okoro Nnenna","Computer Science","300L","password"
"Student","FUL/CSC/22/0407","Ibrahim Sadiq Kabiru","Computer Science","300L","password"
"Student","FUL/CSC/22/0408","Blessing James Uduak","Computer Science","300L","password"
"Student","FUL/CSC/22/0409","Daniel Musa Ayomide","Computer Science","300L","password"
"Student","FUL/CSC/22/0410","Aisha Bello Ngozi","Computer Science","300L","password"
"Student","FUL/CSC/22/0411","David Akpan Sadiq","Computer Science","300L","password"
"Student","FUL/CSC/22/0412","Zainab Aliyu Ezinne","Computer Science","300L","password"
"Student","FUL/CSC/22/0413","Victor Eze Temiloluwa","Computer Science","300L","password"
"Student","FUL/CSC/22/0414","Ruth Oladipo Abiodun","Computer Science","300L","password"
"Student","FUL/CSC/22/0415","Emeka Obi Chisom","Computer Science","300L","password"
"Student","FUL/CSC/22/0416","Hauwa Mohammed Opeyemi","Computer Science","300L","password"
"Student","FUL/CSC/22/0417","Kelvin Ojo Oluwafemi","Computer Science","300L","password"
"Student","FUL/CSC/22/0418","Esther Nnamdi Ifeanyi","Computer Science","300L","password"
"Student","FUL/CSC/22/0419","Yusuf Abdullahi Aminu","Computer Science","300L","password"
"Student","FUL/CSC/22/0420","Peace Martins Chiamaka","Computer Science","300L","password"
"Student","FUL/MCB/22/0421","Michael Uche Olamide","Microbiology","300L","password"
"Student","FUL/MCB/22/0422","Hadiza Sani Nnenna","Microbiology","300L","password"
"Student","FUL/MCB/22/0423","Tosin Balogun Kabiru","Microbiology","300L","password"
"Student","FUL/MCB/22/0424","Mercy Etim Uduak","Microbiology","300L","password"
"Student","FUL/MCB/22/0425","Abubakar Lawal Ayomide","Microbiology","300L","password"
"Student","FUL/MCB/22/0426","Favour Adeyemi Ngozi","Microbiology","300L","password"
"Student","FUL/MCB/22/0427","Peter Danjuma Sadiq","Microbiology","300L","password"
"Student","FUL/MCB/22/0428","Khadija Umar Ezinne","Microbiology","300L","password"
"Student","FUL/MCB/22/0429","John Okafor Temiloluwa","Microbiology","300L","password"
"Student","FUL/MCB/22/0430","Sarah Ibitoye Abiodun","Microbiology","300L","password"
"Student","FUL/MCB/22/0431","Collins Chukwu Chisom","Microbiology","300L","password"
"Student","FUL/MCB/22/0432","Aminat Salisu Opeyemi","Microbiology","300L","password"
"Student","FUL/MCB/22/0433","Emmanuel Bassey Oluwafemi","Microbiology","300L","password"
"Student","FUL/MCB/22/0434","Joy Afolabi Ifeanyi","Microbiology","300L","password"
"Student","FUL/MCB/22/0435","Suleiman Idris Aminu","Microbiology","300L","password"
"Student","FUL/MCB/22/0436","Deborah Ene Chiamaka","Microbiology","300L","password"
"Student","FUL/MCB/22/0437","Nathaniel Oke Olamide","Microbiology","300L","password"
"Student","FUL/MCB/22/0438","Halima Garba Nnenna","Microbiology","300L","password"
"Student","FUL/MCB/22/0439","Precious Onu Kabiru","Microbiology","300L","password"
"Student","FUL/MCB/22/0440","Gbenga Alabi Uduak","Microbiology","300L","password"
"Student","FUL/MCB/22/0441","Sandra Nwosu Ayomide","Microbiology","300L","password"
"Student","FUL/MCB/22/0442","Mustapha Yakubu Ngozi","Microbiology","300L","password"
"Student","FUL/MCB/22/0443","Rachel Odey Sadiq","Microbiology","300L","password"
"Student","FUL/MCB/22/0444","Joshua Audu Ezinne","Microbiology","300L","password"
"Student","FUL/MCB/22/0445","Mariam Bashir Temiloluwa","Microbiology","300L","password"
"Student","FUL/MCB/22/0446","Iniobong Udoh Abiodun","Microbiology","300L","password"
"Student","FUL/MCB/22/0447","Oluwaseun Akinola Chisom","Microbiology","300L","password"
"Student","FUL/MCB/22/0448","Nkechi Anya Opeyemi","Microbiology","300L","password"
"Student","FUL/MCB/22/0449","Bashir Ahmed Oluwafemi","Microbiology","300L","password"
"Student","FUL/MCB/22/0450","Victoria Abiola Ifeanyi","Microbiology","300L","password"
"Student","FUL/BCH/22/0451","Adebayo Samuel Aminu","Biochemistry","300L","password"
"Student","FUL/BCH/22/0452","Maryam Ibrahim Chiamaka","Biochemistry","300L","password"
"Student","FUL/BCH/22/0453","Chinedu Nwankwo Olamide","Biochemistry","300L","password"
"Student","FUL/BCH/22/0454","Fatima Usman Nnenna","Biochemistry","300L","password"
"Student","FUL/BCH/22/0455","Temitope Adewale Kabiru","Biochemistry","300L","password"
"Student","FUL/BCH/22/0456","Grace Okoro Uduak","Biochemistry","300L","password"
"Student","FUL/BCH/22/0457","Ibrahim Sadiq Ayomide","Biochemistry","300L","password"
"Student","FUL/BCH/22/0458","Blessing James Ngozi","Biochemistry","300L","password"
"Student","FUL/BCH/22/0459","Daniel Musa Sadiq","Biochemistry","300L","password"
"Student","FUL/BCH/22/0460","Aisha Bello Ezinne","Biochemistry","300L","password"
"Student","FUL/BCH/22/0461","David Akpan Temiloluwa","Biochemistry","300L","password"
"Student","FUL/BCH/22/0462","Zainab Aliyu Abiodun","Biochemistry","300L","password"
"Student","FUL/BCH/22/0463","Victor Eze Chisom","Biochemistry","300L","password"
"Student","FUL/BCH/22/0464","Ruth Oladipo Opeyemi","Biochemistry","300L","password"
"Student","FUL/BCH/22/0465","Emeka Obi Oluwafemi","Biochemistry","300L","password"
"Student","FUL/BCH/22/0466","Hauwa Mohammed Ifeanyi","Biochemistry","300L","password"
"Student","FUL/BCH/22/0467","Kelvin Ojo Aminu","Biochemistry","300L","password"
"Student","FUL/BCH/22/0468","Esther Nnamdi Chiamaka","Biochemistry","300L","password"
"Student","FUL/BCH/22/0469","Yusuf Abdullahi Olamide","Biochemistry","300L","password"
"Student","FUL/BCH/22/0470","Peace Martins Nnenna","Biochemistry","300L","password"
"Student","FUL/BCH/22/0471","Michael Uche Kabiru","Biochemistry","300L","password"
"Student","FUL/BCH/22/0472","Hadiza Sani Uduak","Biochemistry","300L","password"
"Student","FUL/BCH/22/0473","Tosin Balogun Ayomide","Biochemistry","300L","password"
"Student","FUL/BCH/22/0474","Mercy Etim Ngozi","Biochemistry","300L","password"
"Student","FUL/BCH/22/0475","Abubakar Lawal Sadiq","Biochemistry","300L","password"
"Student","FUL/BCH/22/0476","Favour Adeyemi Ezinne","Biochemistry","300L","password"
"Student","FUL/BCH/22/0477","Peter Danjuma Temiloluwa","Biochemistry","300L","password"
"Student","FUL/BCH/22/0478","Khadija Umar Abiodun","Biochemistry","300L","password"
"Student","FUL/BCH/22/0479","John Okafor Chisom","Biochemistry","300L","password"
"Student","FUL/BCH/22/0480","Sarah Ibitoye Opeyemi","Biochemistry","300L","password"
"Student","FUL/GEO/22/0481","Collins Chukwu Oluwafemi","Geography","300L","password"
"Student","FUL/GEO/22/0482","Aminat Salisu Ifeanyi","Geography","300L","password"
"Student","FUL/GEO/22/0483","Emmanuel Bassey Aminu","Geography","300L","password"
"Student","FUL/GEO/22/0484","Joy Afolabi Chiamaka","Geography","300L","password"
"Student","FUL/GEO/22/0485","Suleiman Idris Olamide","Geography","300L","password"
"Student","FUL/GEO/22/0486","Deborah Ene Nnenna","Geography","300L","password"
"Student","FUL/GEO/22/0487","Nathaniel Oke Kabiru","Geography","300L","password"
"Student","FUL/GEO/22/0488","Halima Garba Uduak","Geography","300L","password"
"Student","FUL/GEO/22/0489","Precious Onu Ayomide","Geography","300L","password"
"Student","FUL/GEO/22/0490","Gbenga Alabi Ngozi","Geography","300L","password"
"Student","FUL/GEO/22/0491","Sandra Nwosu Sadiq","Geography","300L","password"
"Student","FUL/GEO/22/0492","Mustapha Yakubu Ezinne","Geography","300L","password"
"Student","FUL/GEO/22/0493","Rachel Odey Temiloluwa","Geography","300L","password"
"Student","FUL/GEO/22/0494","Joshua Audu Abiodun","Geography","300L","password"
"Student","FUL/GEO/22/0495","Mariam Bashir Chisom","Geography","300L","password"
"Student","FUL/GEO/22/0496","Iniobong Udoh Opeyemi","Geography","300L","password"
"Student","FUL/GEO/22/0497","Oluwaseun Akinola Oluwafemi","Geography","300L","password"
"Student","FUL/GEO/22/0498","Nkechi Anya Ifeanyi","Geography","300L","password"
"Student","FUL/GEO/22/0499","Bashir Ahmed Aminu","Geography","300L","password"
"Student","FUL/GEO/22/0500","Victoria Abiola Chiamaka","Geography","300L","password"
"Student","FUL/GEO/22/0501","Adebayo Samuel Olamide","Geography","300L","password"
"Student","FUL/GEO/22/0502","Maryam Ibrahim Nnenna","Geography","300L","password"
"Student","FUL/GEO/22/0503","Chinedu Nwankwo Kabiru","Geography","300L","password"
"Student","FUL/GEO/22/0504","Fatima Usman Uduak","Geography","300L","password"
"Student","FUL/GEO/22/0505","Temitope Adewale Ayomide","Geography","300L","password"
"Student","FUL/GEO/22/0506","Grace Okoro Ngozi","Geography","300L","password"
"Student","FUL/GEO/22/0507","Ibrahim Sadiq Sadiq","Geography","300L","password"
"Student","FUL/GEO/22/0508","Blessing James Ezinne","Geography","300L","password"
"Student","FUL/GEO/22/0509","Daniel Musa Temiloluwa","Geography","300L","password"
"Student","FUL/GEO/22/0510","Aisha Bello Abiodun","Geography","300L","password"
"Student","FUL/POL/22/0511","David Akpan Chisom","Political Science","300L","password"
"Student","FUL/POL/22/0512","Zainab Aliyu Opeyemi","Political Science","300L","password"
"Student","FUL/POL/22/0513","Victor Eze Oluwafemi","Political Science","300L","password"
"Student","FUL/POL/22/0514","Ruth Oladipo Ifeanyi","Political Science","300L","password"
"Student","FUL/POL/22/0515","Emeka Obi Aminu","Political Science","300L","password"
"Student","FUL/POL/22/0516","Hauwa Mohammed Chiamaka","Political Science","300L","password"
"Student","FUL/POL/22/0517","Kelvin Ojo Olamide","Political Science","300L","password"
"Student","FUL/POL/22/0518","Esther Nnamdi Nnenna","Political Science","300L","password"
"Student","FUL/POL/22/0519","Yusuf Abdullahi Kabiru","Political Science","300L","password"
"Student","FUL/POL/22/0520","Peace Martins Uduak","Political Science","300L","password"
"Student","FUL/POL/22/0521","Michael Uche Ayomide","Political Science","300L","password"
"Student","FUL/POL/22/0522","Hadiza Sani Ngozi","Political Science","300L","password"
"Student","FUL/POL/22/0523","Tosin Balogun Sadiq","Political Science","300L","password"
"Student","FUL/POL/22/0524","Mercy Etim Ezinne","Political Science","300L","password"
"Student","FUL/POL/22/0525","Abubakar Lawal Temiloluwa","Political Science","300L","password"
"Student","FUL/POL/22/0526","Favour Adeyemi Abiodun","Political Science","300L","password"
"Student","FUL/POL/22/0527","Peter Danjuma Chisom","Political Science","300L","password"
"Student","FUL/POL/22/0528","Khadija Umar Opeyemi","Political Science","300L","password"
"Student","FUL/POL/22/0529","John Okafor Oluwafemi","Political Science","300L","password"
"Student","FUL/POL/22/0530","Sarah Ibitoye Ifeanyi","Political Science","300L","password"
"Student","FUL/POL/22/0531","Collins Chukwu Aminu","Political Science","300L","password"
"Student","FUL/POL/22/0532","Aminat Salisu Chiamaka","Political Science","300L","password"
"Student","FUL/POL/22/0533","Emmanuel Bassey Olamide","Political Science","300L","password"
"Student","FUL/POL/22/0534","Joy Afolabi Nnenna","Political Science","300L","password"
"Student","FUL/POL/22/0535","Suleiman Idris Kabiru","Political Science","300L","password"
"Student","FUL/POL/22/0536","Deborah Ene Uduak","Political Science","300L","password"
"Student","FUL/POL/22/0537","Nathaniel Oke Ayomide","Political Science","300L","password"
"Student","FUL/POL/22/0538","Halima Garba Ngozi","Political Science","300L","password"
"Student","FUL/POL/22/0539","Precious Onu Sadiq","Political Science","300L","password"
"Student","FUL/POL/22/0540","Gbenga Alabi Ezinne","Political Science","300L","password"
"Student","FUL/CSC/22/0541","Sandra Nwosu Temiloluwa","Computer Science","400L","password"
"Student","FUL/CSC/22/0542","Mustapha Yakubu Abiodun","Computer Science","400L","password"
"Student","FUL/CSC/22/0543","Rachel Odey Chisom","Computer Science","400L","password"
"Student","FUL/CSC/22/0544","Joshua Audu Opeyemi","Computer Science","400L","password"
"Student","FUL/CSC/22/0545","Mariam Bashir Oluwafemi","Computer Science","400L","password"
"Student","FUL/CSC/22/0546","Iniobong Udoh Ifeanyi","Computer Science","400L","password"
"Student","FUL/CSC/22/0547","Oluwaseun Akinola Aminu","Computer Science","400L","password"
"Student","FUL/CSC/22/0548","Nkechi Anya Chiamaka","Computer Science","400L","password"
"Student","FUL/CSC/22/0549","Bashir Ahmed Olamide","Computer Science","400L","password"
"Student","FUL/CSC/22/0550","Victoria Abiola Nnenna","Computer Science","400L","password"
"Student","FUL/CSC/22/0551","Adebayo Samuel Kabiru","Computer Science","400L","password"
"Student","FUL/CSC/22/0552","Maryam Ibrahim Uduak","Computer Science","400L","password"
"Student","FUL/CSC/22/0553","Chinedu Nwankwo Ayomide","Computer Science","400L","password"
"Student","FUL/CSC/22/0554","Fatima Usman Ngozi","Computer Science","400L","password"
"Student","FUL/CSC/22/0555","Temitope Adewale Sadiq","Computer Science","400L","password"
"Student","FUL/CSC/22/0556","Grace Okoro Ezinne","Computer Science","400L","password"
"Student","FUL/CSC/22/0557","Ibrahim Sadiq Temiloluwa","Computer Science","400L","password"
"Student","FUL/CSC/22/0558","Blessing James Abiodun","Computer Science","400L","password"
"Student","FUL/CSC/22/0559","Daniel Musa Chisom","Computer Science","400L","password"
"Student","FUL/CSC/22/0560","Aisha Bello Opeyemi","Computer Science","400L","password"
"Student","FUL/CSC/22/0561","David Akpan Oluwafemi","Computer Science","400L","password"
"Student","FUL/CSC/22/0562","Zainab Aliyu Ifeanyi","Computer Science","400L","password"
"Student","FUL/CSC/22/0563","Victor Eze Aminu","Computer Science","400L","password"
"Student","FUL/CSC/22/0564","Ruth Oladipo Chiamaka","Computer Science","400L","password"
"Student","FUL/CSC/22/0565","Emeka Obi Olamide","Computer Science","400L","password"
"Student","FUL/CSC/22/0566","Hauwa Mohammed Nnenna","Computer Science","400L","password"
"Student","FUL/CSC/22/0567","Kelvin Ojo Kabiru","Computer Science","400L","password"
"Student","FUL/CSC/22/0568","Esther Nnamdi Uduak","Computer Science","400L","password"
"Student","FUL/CSC/22/0569","Yusuf Abdullahi Ayomide","Computer Science","400L","password"
"Student","FUL/CSC/22/0570","Peace Martins Ngozi","Computer Science","400L","password"
"Student","FUL/CSC/22/0571","Michael Uche Sadiq","Computer Science","400L","password"
"Student","FUL/CSC/22/0572","Hadiza Sani Ezinne","Computer Science","400L","password"
"Student","FUL/CSC/22/0573","Tosin Balogun Temiloluwa","Computer Science","400L","password"
"Student","FUL/CSC/22/0574","Mercy Etim Abiodun","Computer Science","400L","password"
"Student","FUL/CSC/22/0575","Abubakar Lawal Chisom","Computer Science","400L","password"
"Student","FUL/CSC/22/0576","Favour Adeyemi Opeyemi","Computer Science","400L","password"
"Student","FUL/CSC/22/0577","Peter Danjuma Oluwafemi","Computer Science","400L","password"
"Student","FUL/CSC/22/0578","Khadija Umar Ifeanyi","Computer Science","400L","password"
"Student","FUL/CSC/22/0579","John Okafor Aminu","Computer Science","400L","password"
"Student","FUL/CSC/22/0580","Sarah Ibitoye Chiamaka","Computer Science","400L","password"
"Student","FUL/CSC/22/0581","Collins Chukwu Olamide","Computer Science","400L","password"
"Student","FUL/CSC/22/0582","Aminat Salisu Nnenna","Computer Science","400L","password"
"Student","FUL/CSC/22/0583","Emmanuel Bassey Kabiru","Computer Science","400L","password"
"Student","FUL/CSC/22/0584","Joy Afolabi Uduak","Computer Science","400L","password"
"Student","FUL/CSC/22/0585","Suleiman Idris Ayomide","Computer Science","400L","password"
"Student","FUL/CSC/22/0586","Deborah Ene Ngozi","Computer Science","400L","password"
"Student","FUL/CSC/22/0587","Nathaniel Oke Sadiq","Computer Science","400L","password"
"Student","FUL/CSC/22/0588","Halima Garba Ezinne","Computer Science","400L","password"
"Student","FUL/CSC/22/0589","Precious Onu Temiloluwa","Computer Science","400L","password"
"Student","FUL/CSC/22/0590","Gbenga Alabi Abiodun","Computer Science","400L","password"
"Student","FUL/CSC/22/0591","Sandra Nwosu Chisom","Computer Science","400L","password"
"Student","FUL/CSC/22/0592","Mustapha Yakubu Opeyemi","Computer Science","400L","password"
"Student","FUL/CSC/22/0593","Rachel Odey Oluwafemi","Computer Science","400L","password"
"Student","FUL/CSC/22/0594","Joshua Audu Ifeanyi","Computer Science","400L","password"
"Student","FUL/CSC/22/0595","Mariam Bashir Aminu","Computer Science","400L","password"
"Student","FUL/CSC/22/0596","Iniobong Udoh Chiamaka","Computer Science","400L","password"
"Student","FUL/CSC/22/0597","Oluwaseun Akinola Olamide","Computer Science","400L","password"
"Student","FUL/CSC/22/0598","Nkechi Anya Nnenna","Computer Science","400L","password"
"Student","FUL/CSC/22/0599","Bashir Ahmed Kabiru","Computer Science","400L","password"
"Student","FUL/CSC/22/0600","Victoria Abiola Uduak","Computer Science","400L","password"
"Student","FUL/STA/22/0601","Adebayo Samuel Ayomide","Statistics","400L","password"
"Student","FUL/STA/22/0602","Maryam Ibrahim Ngozi","Statistics","400L","password"
"Student","FUL/STA/22/0603","Chinedu Nwankwo Sadiq","Statistics","400L","password"
"Student","FUL/STA/22/0604","Fatima Usman Ezinne","Statistics","400L","password"
"Student","FUL/STA/22/0605","Temitope Adewale Temiloluwa","Statistics","400L","password"
"Student","FUL/STA/22/0606","Grace Okoro Abiodun","Statistics","400L","password"
"Student","FUL/STA/22/0607","Ibrahim Sadiq Chisom","Statistics","400L","password"
"Student","FUL/STA/22/0608","Blessing James Opeyemi","Statistics","400L","password"
"Student","FUL/STA/22/0609","Daniel Musa Oluwafemi","Statistics","400L","password"
"Student","FUL/STA/22/0610","Aisha Bello Ifeanyi","Statistics","400L","password"
"Student","FUL/STA/22/0611","David Akpan Aminu","Statistics","400L","password"
"Student","FUL/STA/22/0612","Zainab Aliyu Chiamaka","Statistics","400L","password"
"Student","FUL/STA/22/0613","Victor Eze Olamide","Statistics","400L","password"
"Student","FUL/STA/22/0614","Ruth Oladipo Nnenna","Statistics","400L","password"
"Student","FUL/STA/22/0615","Emeka Obi Kabiru","Statistics","400L","password"
"Student","FUL/STA/22/0616","Hauwa Mohammed Uduak","Statistics","400L","password"
"Student","FUL/STA/22/0617","Kelvin Ojo Ayomide","Statistics","400L","password"
"Student","FUL/STA/22/0618","Esther Nnamdi Ngozi","Statistics","400L","password"
"Student","FUL/STA/22/0619","Yusuf Abdullahi Sadiq","Statistics","400L","password"
"Student","FUL/STA/22/0620","Peace Martins Ezinne","Statistics","400L","password"
"Student","FUL/STA/22/0621","Michael Uche Temiloluwa","Statistics","400L","password"
"Student","FUL/STA/22/0622","Hadiza Sani Abiodun","Statistics","400L","password"
"Student","FUL/STA/22/0623","Tosin Balogun Chisom","Statistics","400L","password"
"Student","FUL/STA/22/0624","Mercy Etim Opeyemi","Statistics","400L","password"
"Student","FUL/STA/22/0625","Abubakar Lawal Oluwafemi","Statistics","400L","password"
"Student","FUL/STA/22/0626","Favour Adeyemi Ifeanyi","Statistics","400L","password"
"Student","FUL/STA/22/0627","Peter Danjuma Aminu","Statistics","400L","password"
"Student","FUL/STA/22/0628","Khadija Umar Chiamaka","Statistics","400L","password"
"Student","FUL/STA/22/0629","John Okafor Olamide","Statistics","400L","password"
"Student","FUL/STA/22/0630","Sarah Ibitoye Nnenna","Statistics","400L","password"
"Student","FUL/ACC/22/0631","Collins Chukwu Kabiru","Accounting","400L","password"
"Student","FUL/ACC/22/0632","Aminat Salisu Uduak","Accounting","400L","password"
"Student","FUL/ACC/22/0633","Emmanuel Bassey Ayomide","Accounting","400L","password"
"Student","FUL/ACC/22/0634","Joy Afolabi Ngozi","Accounting","400L","password"
"Student","FUL/ACC/22/0635","Suleiman Idris Sadiq","Accounting","400L","password"
"Student","FUL/ACC/22/0636","Deborah Ene Ezinne","Accounting","400L","password"
"Student","FUL/ACC/22/0637","Nathaniel Oke Temiloluwa","Accounting","400L","password"
"Student","FUL/ACC/22/0638","Halima Garba Abiodun","Accounting","400L","password"
"Student","FUL/ACC/22/0639","Precious Onu Chisom","Accounting","400L","password"
"Student","FUL/ACC/22/0640","Gbenga Alabi Opeyemi","Accounting","400L","password"
"Student","FUL/ACC/22/0641","Sandra Nwosu Oluwafemi","Accounting","400L","password"
"Student","FUL/ACC/22/0642","Mustapha Yakubu Ifeanyi","Accounting","400L","password"
"Student","FUL/ACC/22/0643","Rachel Odey Aminu","Accounting","400L","password"
"Student","FUL/ACC/22/0644","Joshua Audu Chiamaka","Accounting","400L","password"
"Student","FUL/ACC/22/0645","Mariam Bashir Olamide","Accounting","400L","password"
"Student","FUL/ACC/22/0646","Iniobong Udoh Nnenna","Accounting","400L","password"
"Student","FUL/ACC/22/0647","Oluwaseun Akinola Kabiru","Accounting","400L","password"
"Student","FUL/ACC/22/0648","Nkechi Anya Uduak","Accounting","400L","password"
"Student","FUL/ACC/22/0649","Bashir Ahmed Ayomide","Accounting","400L","password"
"Student","FUL/ACC/22/0650","Victoria Abiola Ngozi","Accounting","400L","password"
"Student","FUL/ACC/22/0651","Adebayo Samuel Sadiq","Accounting","400L","password"
"Student","FUL/ACC/22/0652","Maryam Ibrahim Ezinne","Accounting","400L","password"
"Student","FUL/ACC/22/0653","Chinedu Nwankwo Temiloluwa","Accounting","400L","password"
"Student","FUL/ACC/22/0654","Fatima Usman Abiodun","Accounting","400L","password"
"Student","FUL/ACC/22/0655","Temitope Adewale Chisom","Accounting","400L","password"
"Student","FUL/ACC/22/0656","Grace Okoro Opeyemi","Accounting","400L","password"
"Student","FUL/ACC/22/0657","Ibrahim Sadiq Oluwafemi","Accounting","400L","password"
"Student","FUL/ACC/22/0658","Blessing James Ifeanyi","Accounting","400L","password"
"Student","FUL/ACC/22/0659","Daniel Musa Aminu","Accounting","400L","password"
"Student","FUL/ACC/22/0660","Aisha Bello Chiamaka","Accounting","400L","password"
"Student","FUL/BUS/22/0661","David Akpan Olamide","Business Administration","400L","password"
"Student","FUL/BUS/22/0662","Zainab Aliyu Nnenna","Business Administration","400L","password"
"Student","FUL/BUS/22/0663","Victor Eze Kabiru","Business Administration","400L","password"
"Student","FUL/BUS/22/0664","Ruth Oladipo Uduak","Business Administration","400L","password"
"Student","FUL/BUS/22/0665","Emeka Obi Ayomide","Business Administration","400L","password"
"Student","FUL/BUS/22/0666","Hauwa Mohammed Ngozi","Business Administration","400L","password"
"Student","FUL/BUS/22/0667","Kelvin Ojo Sadiq","Business Administration","400L","password"
"Student","FUL/BUS/22/0668","Esther Nnamdi Ezinne","Business Administration","400L","password"
"Student","FUL/BUS/22/0669","Yusuf Abdullahi Temiloluwa","Business Administration","400L","password"
"Student","FUL/BUS/22/0670","Peace Martins Abiodun","Business Administration","400L","password"
"Student","FUL/BUS/22/0671","Michael Uche Chisom","Business Administration","400L","password"
"Student","FUL/BUS/22/0672","Hadiza Sani Opeyemi","Business Administration","400L","password"
"Student","FUL/BUS/22/0673","Tosin Balogun Oluwafemi","Business Administration","400L","password"
"Student","FUL/BUS/22/0674","Mercy Etim Ifeanyi","Business Administration","400L","password"
"Student","FUL/BUS/22/0675","Abubakar Lawal Aminu","Business Administration","400L","password"
"Student","FUL/BUS/22/0676","Favour Adeyemi Chiamaka","Business Administration","400L","password"
"Student","FUL/BUS/22/0677","Peter Danjuma Olamide","Business Administration","400L","password"
"Student","FUL/BUS/22/0678","Khadija Umar Nnenna","Business Administration","400L","password"
"Student","FUL/BUS/22/0679","John Okafor Kabiru","Business Administration","400L","password"
"Student","FUL/BUS/22/0680","Sarah Ibitoye Uduak","Business Administration","400L","password"
"Student","FUL/BUS/22/0681","Collins Chukwu Ayomide","Business Administration","400L","password"
"Student","FUL/BUS/22/0682","Aminat Salisu Ngozi","Business Administration","400L","password"
"Student","FUL/BUS/22/0683","Emmanuel Bassey Sadiq","Business Administration","400L","password"
"Student","FUL/BUS/22/0684","Joy Afolabi Ezinne","Business Administration","400L","password"
"Student","FUL/BUS/22/0685","Suleiman Idris Temiloluwa","Business Administration","400L","password"
"Student","FUL/BUS/22/0686","Deborah Ene Abiodun","Business Administration","400L","password"
"Student","FUL/BUS/22/0687","Nathaniel Oke Chisom","Business Administration","400L","password"
"Student","FUL/BUS/22/0688","Halima Garba Opeyemi","Business Administration","400L","password"
"Student","FUL/BUS/22/0689","Precious Onu Oluwafemi","Business Administration","400L","password"
"Student","FUL/BUS/22/0690","Gbenga Alabi Ifeanyi","Business Administration","400L","password"
"Student","FUL/ZOO/22/0691","Sandra Nwosu Aminu","Zoology","400L","password"
"Student","FUL/ZOO/22/0692","Mustapha Yakubu Chiamaka","Zoology","400L","password"
"Student","FUL/ZOO/22/0693","Rachel Odey Olamide","Zoology","400L","password"
"Student","FUL/ZOO/22/0694","Joshua Audu Nnenna","Zoology","400L","password"
"Student","FUL/ZOO/22/0695","Mariam Bashir Kabiru","Zoology","400L","password"
"Student","FUL/ZOO/22/0696","Iniobong Udoh Uduak","Zoology","400L","password"
"Student","FUL/ZOO/22/0697","Oluwaseun Akinola Ayomide","Zoology","400L","password"
"Student","FUL/ZOO/22/0698","Nkechi Anya Ngozi","Zoology","400L","password"
"Student","FUL/ZOO/22/0699","Bashir Ahmed Sadiq","Zoology","400L","password"
"Student","FUL/ZOO/22/0700","Victoria Abiola Ezinne","Zoology","400L","password"
"Student","FUL/ZOO/22/0701","Adebayo Samuel Temiloluwa","Zoology","400L","password"
"Student","FUL/ZOO/22/0702","Maryam Ibrahim Abiodun","Zoology","400L","password"
"Student","FUL/ZOO/22/0703","Chinedu Nwankwo Chisom","Zoology","400L","password"
"Student","FUL/ZOO/22/0704","Fatima Usman Opeyemi","Zoology","400L","password"
"Student","FUL/ZOO/22/0705","Temitope Adewale Oluwafemi","Zoology","400L","password"
"Student","FUL/ZOO/22/0706","Grace Okoro Ifeanyi","Zoology","400L","password"
"Student","FUL/ZOO/22/0707","Ibrahim Sadiq Aminu","Zoology","400L","password"
"Student","FUL/ZOO/22/0708","Blessing James Chiamaka","Zoology","400L","password"
"Student","FUL/ZOO/22/0709","Daniel Musa Olamide","Zoology","400L","password"
"Student","FUL/ZOO/22/0710","Aisha Bello Nnenna","Zoology","400L","password"
"Student","FUL/ZOO/22/0711","David Akpan Kabiru","Zoology","400L","password"
"Student","FUL/ZOO/22/0712","Zainab Aliyu Uduak","Zoology","400L","password"
"Student","FUL/ZOO/22/0713","Victor Eze Ayomide","Zoology","400L","password"
"Student","FUL/ZOO/22/0714","Ruth Oladipo Ngozi","Zoology","400L","password"
"Student","FUL/ZOO/22/0715","Emeka Obi Sadiq","Zoology","400L","password"
"Student","FUL/ZOO/22/0716","Hauwa Mohammed Ezinne","Zoology","400L","password"
"Student","FUL/ZOO/22/0717","Kelvin Ojo Temiloluwa","Zoology","400L","password"
"Student","FUL/ZOO/22/0718","Esther Nnamdi Abiodun","Zoology","400L","password"
"Student","FUL/ZOO/22/0719","Yusuf Abdullahi Chisom","Zoology","400L","password"
"Student","FUL/ZOO/22/0720","Peace Martins Opeyemi","Zoology","400L","password"
"Student","FUL/LAW/22/0721","Michael Uche Oluwafemi","Law","500L","password"
"Student","FUL/LAW/22/0722","Hadiza Sani Ifeanyi","Law","500L","password"
"Student","FUL/LAW/22/0723","Tosin Balogun Aminu","Law","500L","password"
"Student","FUL/LAW/22/0724","Mercy Etim Chiamaka","Law","500L","password"
"Student","FUL/LAW/22/0725","Abubakar Lawal Olamide","Law","500L","password"
"Student","FUL/LAW/22/0726","Favour Adeyemi Nnenna","Law","500L","password"
"Student","FUL/LAW/22/0727","Peter Danjuma Kabiru","Law","500L","password"
"Student","FUL/LAW/22/0728","Khadija Umar Uduak","Law","500L","password"
"Student","FUL/LAW/22/0729","John Okafor Ayomide","Law","500L","password"
"Student","FUL/LAW/22/0730","Sarah Ibitoye Ngozi","Law","500L","password"
"Student","FUL/LAW/22/0731","Collins Chukwu Sadiq","Law","500L","password"
"Student","FUL/LAW/22/0732","Aminat Salisu Ezinne","Law","500L","password"
"Student","FUL/LAW/22/0733","Emmanuel Bassey Temiloluwa","Law","500L","password"
"Student","FUL/LAW/22/0734","Joy Afolabi Abiodun","Law","500L","password"
"Student","FUL/LAW/22/0735","Suleiman Idris Chisom","Law","500L","password"
"Student","FUL/LAW/22/0736","Deborah Ene Opeyemi","Law","500L","password"
"Student","FUL/LAW/22/0737","Nathaniel Oke Oluwafemi","Law","500L","password"
"Student","FUL/LAW/22/0738","Halima Garba Ifeanyi","Law","500L","password"
"Student","FUL/LAW/22/0739","Precious Onu Aminu","Law","500L","password"
"Student","FUL/LAW/22/0740","Gbenga Alabi Chiamaka","Law","500L","password"
"Student","FUL/LAW/22/0741","Sandra Nwosu Olamide","Law","500L","password"
"Student","FUL/LAW/22/0742","Mustapha Yakubu Nnenna","Law","500L","password"
"Student","FUL/LAW/22/0743","Rachel Odey Kabiru","Law","500L","password"
"Student","FUL/LAW/22/0744","Joshua Audu Uduak","Law","500L","password"
"Student","FUL/LAW/22/0745","Mariam Bashir Ayomide","Law","500L","password"
"Student","FUL/LAW/22/0746","Iniobong Udoh Ngozi","Law","500L","password"
"Student","FUL/LAW/22/0747","Oluwaseun Akinola Sadiq","Law","500L","password"
"Student","FUL/LAW/22/0748","Nkechi Anya Ezinne","Law","500L","password"
"Student","FUL/LAW/22/0749","Bashir Ahmed Temiloluwa","Law","500L","password"
"Student","FUL/LAW/22/0750","Victoria Abiola Abiodun","Law","500L","password"
"Student","FUL/LAW/22/0751","Adebayo Samuel Chisom","Law","500L","password"
"Student","FUL/LAW/22/0752","Maryam Ibrahim Opeyemi","Law","500L","password"
"Student","FUL/LAW/22/0753","Chinedu Nwankwo Oluwafemi","Law","500L","password"
"Student","FUL/LAW/22/0754","Fatima Usman Ifeanyi","Law","500L","password"
"Student","FUL/LAW/22/0755","Temitope Adewale Aminu","Law","500L","password"
"Student","FUL/LAW/22/0756","Grace Okoro Chiamaka","Law","500L","password"
"Student","FUL/LAW/22/0757","Ibrahim Sadiq Olamide","Law","500L","password"
"Student","FUL/LAW/22/0758","Blessing James Nnenna","Law","500L","password"
"Student","FUL/LAW/22/0759","Daniel Musa Kabiru","Law","500L","password"
"Student","FUL/LAW/22/0760","Aisha Bello Uduak","Law","500L","password"
"Student","FUL/LAW/22/0761","David Akpan Ayomide","Law","500L","password"
"Student","FUL/LAW/22/0762","Zainab Aliyu Ngozi","Law","500L","password"
"Student","FUL/LAW/22/0763","Victor Eze Sadiq","Law","500L","password"
"Student","FUL/LAW/22/0764","Ruth Oladipo Ezinne","Law","500L","password"
"Student","FUL/LAW/22/0765","Emeka Obi Temiloluwa","Law","500L","password"
"Student","FUL/LAW/22/0766","Hauwa Mohammed Abiodun","Law","500L","password"
"Student","FUL/LAW/22/0767","Kelvin Ojo Chisom","Law","500L","password"
"Student","FUL/LAW/22/0768","Esther Nnamdi Opeyemi","Law","500L","password"
"Student","FUL/LAW/22/0769","Yusuf Abdullahi Oluwafemi","Law","500L","password"
"Student","FUL/LAW/22/0770","Peace Martins Ifeanyi","Law","500L","password"
"Student","FUL/LAW/22/0771","Michael Uche Aminu","Law","500L","password"
"Student","FUL/LAW/22/0772","Hadiza Sani Chiamaka","Law","500L","password"
"Student","FUL/LAW/22/0773","Tosin Balogun Olamide","Law","500L","password"
"Student","FUL/LAW/22/0774","Mercy Etim Nnenna","Law","500L","password"
"Student","FUL/LAW/22/0775","Abubakar Lawal Kabiru","Law","500L","password"
"Student","FUL/LAW/22/0776","Favour Adeyemi Uduak","Law","500L","password"
"Student","FUL/LAW/22/0777","Peter Danjuma Ayomide","Law","500L","password"
"Student","FUL/LAW/22/0778","Khadija Umar Ngozi","Law","500L","password"
"Student","FUL/LAW/22/0779","John Okafor Sadiq","Law","500L","password"
"Student","FUL/LAW/22/0780","Sarah Ibitoye Ezinne","Law","500L","password"
"Student","FUL/ENG/22/0781","Collins Chukwu Temiloluwa","General Studies","500L","password"
"Student","FUL/ENG/22/0782","Aminat Salisu Abiodun","General Studies","500L","password"
"Student","FUL/ENG/22/0783","Emmanuel Bassey Chisom","General Studies","500L","password"
"Student","FUL/ENG/22/0784","Joy Afolabi Opeyemi","General Studies","500L","password"
"Student","FUL/ENG/22/0785","Suleiman Idris Oluwafemi","General Studies","500L","password"
"Student","FUL/ENG/22/0786","Deborah Ene Ifeanyi","General Studies","500L","password"
"Student","FUL/ENG/22/0787","Nathaniel Oke Aminu","General Studies","500L","password"
"Student","FUL/ENG/22/0788","Halima Garba Chiamaka","General Studies","500L","password"
"Student","FUL/ENG/22/0789","Precious Onu Olamide","General Studies","500L","password"
"Student","FUL/ENG/22/0790","Gbenga Alabi Nnenna","General Studies","500L","password"
"Student","FUL/ENG/22/0791","Sandra Nwosu Kabiru","General Studies","500L","password"
"Student","FUL/ENG/22/0792","Mustapha Yakubu Uduak","General Studies","500L","password"
"Student","FUL/ENG/22/0793","Rachel Odey Ayomide","General Studies","500L","password"
"Student","FUL/ENG/22/0794","Joshua Audu Ngozi","General Studies","500L","password"
"Student","FUL/ENG/22/0795","Mariam Bashir Sadiq","General Studies","500L","password"
"Student","FUL/ENG/22/0796","Iniobong Udoh Ezinne","General Studies","500L","password"
"Student","FUL/ENG/22/0797","Oluwaseun Akinola Temiloluwa","General Studies","500L","password"
"Student","FUL/ENG/22/0798","Nkechi Anya Abiodun","General Studies","500L","password"
"Student","FUL/ENG/22/0799","Bashir Ahmed Chisom","General Studies","500L","password"
"Student","FUL/ENG/22/0800","Victoria Abiola Opeyemi","General Studies","500L","password"
"Student","FUL/ENG/22/0801","Adebayo Samuel Oluwafemi","General Studies","500L","password"
"Student","FUL/ENG/22/0802","Maryam Ibrahim Ifeanyi","General Studies","500L","password"
"Student","FUL/ENG/22/0803","Chinedu Nwankwo Aminu","General Studies","500L","password"
"Student","FUL/ENG/22/0804","Fatima Usman Chiamaka","General Studies","500L","password"
"Student","FUL/ENG/22/0805","Temitope Adewale Olamide","General Studies","500L","password"
"Student","FUL/ENG/22/0806","Grace Okoro Nnenna","General Studies","500L","password"
"Student","FUL/ENG/22/0807","Ibrahim Sadiq Kabiru","General Studies","500L","password"
"Student","FUL/ENG/22/0808","Blessing James Uduak","General Studies","500L","password"
"Student","FUL/ENG/22/0809","Daniel Musa Ayomide","General Studies","500L","password"
"Student","FUL/ENG/22/0810","Aisha Bello Ngozi","General Studies","500L","password"
"Student","FUL/CVE/22/0811","David Akpan Sadiq","Civil Engineering","500L","password"
"Student","FUL/CVE/22/0812","Zainab Aliyu Ezinne","Civil Engineering","500L","password"
"Student","FUL/CVE/22/0813","Victor Eze Temiloluwa","Civil Engineering","500L","password"
"Student","FUL/CVE/22/0814","Ruth Oladipo Abiodun","Civil Engineering","500L","password"
"Student","FUL/CVE/22/0815","Emeka Obi Chisom","Civil Engineering","500L","password"
"Student","FUL/CVE/22/0816","Hauwa Mohammed Opeyemi","Civil Engineering","500L","password"
"Student","FUL/CVE/22/0817","Kelvin Ojo Oluwafemi","Civil Engineering","500L","password"
"Student","FUL/CVE/22/0818","Esther Nnamdi Ifeanyi","Civil Engineering","500L","password"
"Student","FUL/CVE/22/0819","Yusuf Abdullahi Aminu","Civil Engineering","500L","password"
"Student","FUL/CVE/22/0820","Peace Martins Chiamaka","Civil Engineering","500L","password"
"Student","FUL/CVE/22/0821","Michael Uche Olamide","Civil Engineering","500L","password"
"Student","FUL/CVE/22/0822","Hadiza Sani Nnenna","Civil Engineering","500L","password"
"Student","FUL/CVE/22/0823","Tosin Balogun Kabiru","Civil Engineering","500L","password"
"Student","FUL/CVE/22/0824","Mercy Etim Uduak","Civil Engineering","500L","password"
"Student","FUL/CVE/22/0825","Abubakar Lawal Ayomide","Civil Engineering","500L","password"
"Student","FUL/CVE/22/0826","Favour Adeyemi Ngozi","Civil Engineering","500L","password"
"Student","FUL/CVE/22/0827","Peter Danjuma Sadiq","Civil Engineering","500L","password"
"Student","FUL/CVE/22/0828","Khadija Umar Ezinne","Civil Engineering","500L","password"
"Student","FUL/CVE/22/0829","John Okafor Temiloluwa","Civil Engineering","500L","password"
"Student","FUL/CVE/22/0830","Sarah Ibitoye Abiodun","Civil Engineering","500L","password"
"Student","FUL/CVE/22/0831","Collins Chukwu Chisom","Civil Engineering","500L","password"
"Student","FUL/CVE/22/0832","Aminat Salisu Opeyemi","Civil Engineering","500L","password"
"Student","FUL/CVE/22/0833","Emmanuel Bassey Oluwafemi","Civil Engineering","500L","password"
"Student","FUL/CVE/22/0834","Joy Afolabi Ifeanyi","Civil Engineering","500L","password"
"Student","FUL/CVE/22/0835","Suleiman Idris Aminu","Civil Engineering","500L","password"
"Student","FUL/CVE/22/0836","Deborah Ene Chiamaka","Civil Engineering","500L","password"
"Student","FUL/CVE/22/0837","Nathaniel Oke Olamide","Civil Engineering","500L","password"
"Student","FUL/CVE/22/0838","Halima Garba Nnenna","Civil Engineering","500L","password"
"Student","FUL/CVE/22/0839","Precious Onu Kabiru","Civil Engineering","500L","password"
"Student","FUL/CVE/22/0840","Gbenga Alabi Uduak","Civil Engineering","500L","password"
"Student","FUL/CSC/22/0901","Ayomide Bakare","Computer Science","400L","password"
"Student","FUL/CSC/22/0902","Nora Okonkwo","Computer Science","400L","password"
"Student","FUL/ECO/22/0903","Kabiru Hassan","Economics","200L","password"
"Student","FUL/LAW/22/0904","Ifeoma Ndukwe","Law","500L","password"